<?xml version="1.0" encoding="utf-8"?>
<edmx:Edmx Version="1.0" xmlns:edmx="http://schemas.microsoft.com/ado/2007/06/edmx" xmlns:m="http://schemas.microsoft.com/ado/2007/08/dataservices/metadata" xmlns:sap="http://www.sap.com/Protocols/SAPData">
  <edmx:DataServices m:DataServiceVersion="2.0">
    <Schema Namespace="CatalogService" xmlns="http://schemas.microsoft.com/ado/2008/09/edm">
      <EntityContainer Name="EntityContainer" m:IsDefaultEntityContainer="true">
        <EntitySet Name="Viajes" EntityType="CatalogService.Viajes"/>
      </EntityContainer>
      <EntityType Name="Viajes">
        <Key>
          <PropertyRef Name="ViajeID"/>
        </Key>
        <Property Name="ViajeID" Type="Edm.Int32" Nullable="false"/>
        <Property Name="Ubicacion" Type="Edm.String"/>
        <Property Name="Turistas" Type="Edm.Int32"/>
      </EntityType>
    </Schema>
  </edmx:DataServices>
</edmx:Edmx>