{
  "namespace": "my.app",
  "definitions": {
    "CatalogService": {
      "@source": "srv/cat-service.cds",
      "kind": "service"
    },
    "CatalogService.Viajes": {
      "kind": "entity",
      "@cds.persistence.name": "CATALOGSERVICE_VIAJES",
      "query": {
        "SELECT": {
          "from": {
            "ref": [
              "my.app.Viajes"
            ]
          }
        }
      },
      "elements": {
        "ViajeID": {
          "@cds.persistence.name": "VIAJEID",
          "key": true,
          "type": "cds.Integer"
        },
        "Ubicacion": {
          "@cds.persistence.name": "UBICACION",
          "type": "cds.String"
        },
        "Turistas": {
          "@cds.persistence.name": "TURISTAS",
          "type": "cds.Integer"
        }
      },
      "$syntax": "projection"
    },
    "my.app.Viajes": {
      "kind": "entity",
      "@cds.persistence.name": "MY_APP_VIAJES",
      "elements": {
        "ViajeID": {
          "@cds.persistence.name": "VIAJEID",
          "key": true,
          "type": "cds.Integer"
        },
        "Ubicacion": {
          "@cds.persistence.name": "UBICACION",
          "type": "cds.String"
        },
        "Turistas": {
          "@cds.persistence.name": "TURISTAS",
          "type": "cds.Integer"
        }
      }
    }
  },
  "meta": {
    "creator": "CDS Compiler v1.26.2"
  },
  "$version": "1.0",
  "@sql_mapping": "plain"
}