<edmx:Edmx xmlns:edmx="http://schemas.microsoft.com/ado/2007/06/edmx" xmlns:sap="http://www.sap.com/Protocols/SAPData"
	xmlns:ux="http://www.sap.com/Protocols/OData4SAP/UX" xmlns:gp="http://www.sap.com/Protocols/SAPData/GenericPlayer" Version="1.0">
	<edmx:DataServices xmlns:m="http://schemas.microsoft.com/ado/2007/08/dataservices/metadata" m:DataServiceVersion="2.0">
		<Schema xmlns="http://schemas.microsoft.com/ado/2008/09/edm" Namespace="CatalogService">
			<EntityType Name="Viajes">
				<Key><PropertyRef Name="ViajeID"/></Key><Property Name="ViajeID" Type="Edm.Int32" Nullable="false"/><Property Name="Ubicacion" Type="Edm.String"/><Property Name="Turistas" Type="Edm.Int32"/></EntityType>
			<EntityContainer Name="EntityContainer" m:IsDefaultEntityContainer="true"><EntitySet Name="Viajes" EntityType="CatalogService.Viajes"/></EntityContainer>
		</Schema>
	</edmx:DataServices>
</edmx:Edmx>