[
    {
        "ProductId": "HT-1000",
        "Id": "FOL39000000000004EXT40000000025510",
        "MimeType": "image/jpeg"
    },
    {
        "ProductId": "HT-1001",
        "Id": "FOL39000000000004EXT40000000025511",
        "MimeType": "image/jpeg"
    },
    {
        "ProductId": "HT-1002",
        "Id": "FOL39000000000004EXT40000000025512",
        "MimeType": "image/jpeg"
    },
    {
        "ProductId": "HT-1003",
        "Id": "FOL39000000000004EXT40000000025513",
        "MimeType": "image/jpeg"
    },
    {
        "ProductId": "HT-1007",
        "Id": "FOL39000000000004EXT40000000025514",
        "MimeType": "image/jpeg"
    },
    {
        "ProductId": "HT-1010",
        "Id": "FOL39000000000004EXT40000000025515",
        "MimeType": "image/jpeg"
    },
    {
        "ProductId": "HT-1011",
        "Id": "FOL39000000000004EXT40000000025516",
        "MimeType": "image/jpeg"
    },
    {
        "ProductId": "HT-1020",
        "Id": "FOL39000000000004EXT40000000025517",
        "MimeType": "image/jpeg"
    },
    {
        "ProductId": "HT-1021",
        "Id": "FOL39000000000004EXT40000000025518",
        "MimeType": "image/jpeg"
    },
    {
        "ProductId": "HT-1022",
        "Id": "FOL39000000000004EXT40000000025519",
        "MimeType": "image/jpeg"
    },
    {
        "ProductId": "HT-1023",
        "Id": "FOL39000000000004EXT40000000025520",
        "MimeType": "image/jpeg"
    },
    {
        "ProductId": "HT-1030",
        "Id": "FOL39000000000004EXT40000000025521",
        "MimeType": "image/jpeg"
    },
    {
        "ProductId": "HT-1031",
        "Id": "FOL39000000000004EXT40000000025522",
        "MimeType": "image/jpeg"
    },
    {
        "ProductId": "HT-1032",
        "Id": "FOL39000000000004EXT40000000025523",
        "MimeType": "image/jpeg"
    },
    {
        "ProductId": "HT-1035",
        "Id": "FOL39000000000004EXT40000000025524",
        "MimeType": "image/jpeg"
    },
    {
        "ProductId": "HT-1036",
        "Id": "FOL39000000000004EXT40000000025525",
        "MimeType": "image/jpeg"
    },
    {
        "ProductId": "HT-1037",
        "Id": "FOL39000000000004EXT40000000025526",
        "MimeType": "image/jpeg"
    },
    {
        "ProductId": "HT-1040",
        "Id": "FOL39000000000004EXT40000000025527",
        "MimeType": "image/jpeg"
    },
    {
        "ProductId": "HT-1041",
        "Id": "FOL39000000000004EXT40000000025528",
        "MimeType": "image/jpeg"
    },
    {
        "ProductId": "HT-1042",
        "Id": "FOL39000000000004EXT40000000025529",
        "MimeType": "image/jpeg"
    },
    {
        "ProductId": "HT-1050",
        "Id": "FOL39000000000004EXT40000000025530",
        "MimeType": "image/jpeg"
    },
    {
        "ProductId": "HT-1051",
        "Id": "FOL39000000000004EXT40000000025531",
        "MimeType": "image/jpeg"
    },
    {
        "ProductId": "HT-1052",
        "Id": "FOL39000000000004EXT40000000025532",
        "MimeType": "image/jpeg"
    },
    {
        "ProductId": "HT-1055",
        "Id": "FOL39000000000004EXT40000000025533",
        "MimeType": "image/jpeg"
    },
    {
        "ProductId": "HT-1056",
        "Id": "FOL39000000000004EXT40000000025534",
        "MimeType": "image/jpeg"
    },
    {
        "ProductId": "HT-1060",
        "Id": "FOL39000000000004EXT40000000025535",
        "MimeType": "image/jpeg"
    },
    {
        "ProductId": "HT-1061",
        "Id": "FOL39000000000004EXT40000000025536",
        "MimeType": "image/jpeg"
    },
    {
        "ProductId": "HT-1062",
        "Id": "FOL39000000000004EXT40000000025537",
        "MimeType": "image/jpeg"
    },
    {
        "ProductId": "HT-1063",
        "Id": "FOL39000000000004EXT40000000025538",
        "MimeType": "image/jpeg"
    },
    {
        "ProductId": "HT-1064",
        "Id": "FOL39000000000004EXT40000000025539",
        "MimeType": "image/jpeg"
    },
    {
        "ProductId": "HT-1065",
        "Id": "FOL39000000000004EXT40000000025540",
        "MimeType": "image/jpeg"
    },
    {
        "ProductId": "HT-1066",
        "Id": "FOL39000000000004EXT40000000025541",
        "MimeType": "image/jpeg"
    },
    {
        "ProductId": "HT-1067",
        "Id": "FOL39000000000004EXT40000000025542",
        "MimeType": "image/jpeg"
    },
    {
        "ProductId": "HT-1068",
        "Id": "FOL39000000000004EXT40000000025543",
        "MimeType": "image/jpeg"
    },
    {
        "ProductId": "HT-1069",
        "Id": "FOL39000000000004EXT40000000025544",
        "MimeType": "image/jpeg"
    },
    {
        "ProductId": "HT-1070",
        "Id": "FOL39000000000004EXT40000000025545",
        "MimeType": "image/jpeg"
    },
    {
        "ProductId": "HT-1080",
        "Id": "FOL39000000000004EXT40000000025549",
        "MimeType": "image/jpeg"
    },
    {
        "ProductId": "HT-1081",
        "Id": "FOL39000000000004EXT40000000025550",
        "MimeType": "image/jpeg"
    },
    {
        "ProductId": "HT-1082",
        "Id": "FOL39000000000004EXT40000000025551",
        "MimeType": "image/jpeg"
    },
    {
        "ProductId": "HT-1083",
        "Id": "FOL39000000000004EXT40000000025552",
        "MimeType": "image/jpeg"
    },
    {
        "ProductId": "HT-1085",
        "Id": "FOL39000000000004EXT40000000025553",
        "MimeType": "image/jpeg"
    },
    {
        "ProductId": "HT-1090",
        "Id": "FOL39000000000004EXT40000000025554",
        "MimeType": "image/jpeg"
    },
    {
        "ProductId": "HT-1091",
        "Id": "FOL39000000000004EXT40000000025555",
        "MimeType": "image/jpeg"
    },
    {
        "ProductId": "HT-1092",
        "Id": "FOL39000000000004EXT40000000025556",
        "MimeType": "image/jpeg"
    },
    {
        "ProductId": "HT-1100",
        "Id": "FOL39000000000004EXT40000000025557",
        "MimeType": "image/jpeg"
    },
    {
        "ProductId": "HT-1101",
        "Id": "FOL39000000000004EXT40000000025558",
        "MimeType": "image/jpeg"
    },
    {
        "ProductId": "HT-1102",
        "Id": "FOL39000000000004EXT40000000025559",
        "MimeType": "image/jpeg"
    },
    {
        "ProductId": "HT-1103",
        "Id": "FOL39000000000004EXT40000000025560",
        "MimeType": "image/jpeg"
    },
    {
        "ProductId": "HT-1104",
        "Id": "FOL39000000000004EXT40000000025561",
        "MimeType": "image/jpeg"
    },
    {
        "ProductId": "HT-1105",
        "Id": "FOL39000000000004EXT40000000025562",
        "MimeType": "image/jpeg"
    },
    {
        "ProductId": "HT-1106",
        "Id": "FOL39000000000004EXT40000000025563",
        "MimeType": "image/jpeg"
    },
    {
        "ProductId": "HT-1107",
        "Id": "FOL39000000000004EXT40000000025564",
        "MimeType": "image/jpeg"
    },
    {
        "ProductId": "HT-1110",
        "Id": "FOL39000000000004EXT40000000025565",
        "MimeType": "image/jpeg"
    },
    {
        "ProductId": "HT-1111",
        "Id": "FOL39000000000004EXT40000000025566",
        "MimeType": "image/jpeg"
    },
    {
        "ProductId": "HT-1112",
        "Id": "FOL39000000000004EXT40000000025567",
        "MimeType": "image/jpeg"
    },
    {
        "ProductId": "HT-1113",
        "Id": "FOL39000000000004EXT40000000025568",
        "MimeType": "image/jpeg"
    },
    {
        "ProductId": "HT-1114",
        "Id": "FOL39000000000004EXT40000000025569",
        "MimeType": "image/jpeg"
    },
    {
        "ProductId": "HT-1115",
        "Id": "FOL39000000000004EXT40000000025570",
        "MimeType": "image/jpeg"
    },
    {
        "ProductId": "HT-1116",
        "Id": "FOL39000000000004EXT40000000025571",
        "MimeType": "image/jpeg"
    },
    {
        "ProductId": "HT-1117",
        "Id": "FOL39000000000004EXT40000000025572",
        "MimeType": "image/jpeg"
    },
    {
        "ProductId": "HT-1118",
        "Id": "FOL39000000000004EXT40000000025573",
        "MimeType": "image/jpeg"
    },
    {
        "ProductId": "HT-1120",
        "Id": "FOL39000000000004EXT40000000025574",
        "MimeType": "image/jpeg"
    },
    {
        "ProductId": "HT-1137",
        "Id": "FOL39000000000004EXT40000000025575",
        "MimeType": "image/jpeg"
    },
    {
        "ProductId": "HT-1138",
        "Id": "FOL39000000000004EXT40000000025576",
        "MimeType": "image/jpeg"
    },
    {
        "ProductId": "HT-1210",
        "Id": "FOL39000000000004EXT40000000025577",
        "MimeType": "image/jpeg"
    },
    {
        "ProductId": "HT-1500",
        "Id": "FOL39000000000004EXT40000000025578",
        "MimeType": "image/jpeg"
    },
    {
        "ProductId": "HT-1501",
        "Id": "FOL39000000000004EXT40000000025579",
        "MimeType": "image/jpeg"
    },
    {
        "ProductId": "HT-1502",
        "Id": "FOL39000000000004EXT40000000025580",
        "MimeType": "image/jpeg"
    },
    {
        "ProductId": "HT-6130",
        "Id": "FOL39000000000004EXT40000000025581",
        "MimeType": "image/jpeg"
    },
    {
        "ProductId": "HT-6131",
        "Id": "FOL39000000000004EXT40000000025582",
        "MimeType": "image/jpeg"
    },
    {
        "ProductId": "HT-6132",
        "Id": "FOL39000000000004EXT40000000025583",
        "MimeType": "image/jpeg"
    },
    {
        "ProductId": "HT-7030",
        "Id": "FOL39000000000004EXT40000000025584",
        "MimeType": "image/jpeg"
    },
    {
        "ProductId": "HT-7010",
        "Id": "FOL39000000000004EXT40000000025586",
        "MimeType": "image/jpeg"
    },
    {
        "ProductId": "HT-7000",
        "Id": "FOL39000000000004EXT40000000025587",
        "MimeType": "image/jpeg"
    },
    {
        "ProductId": "HT-1095",
        "Id": "FOL39000000000004EXT40000000025588",
        "MimeType": "image/jpeg"
    },
    {
        "ProductId": "HT-1096",
        "Id": "FOL39000000000004EXT40000000025589",
        "MimeType": "image/jpeg"
    },
    {
        "ProductId": "HT-1097",
        "Id": "FOL39000000000004EXT40000000025590",
        "MimeType": "image/jpeg"
    },
    {
        "ProductId": "HT-6123",
        "Id": "FOL39000000000004EXT40000000025591",
        "MimeType": "image/jpeg"
    },
    {
        "ProductId": "HT-6122",
        "Id": "FOL39000000000004EXT40000000025592",
        "MimeType": "image/jpeg"
    },
    {
        "ProductId": "HT-6121",
        "Id": "FOL39000000000004EXT40000000025593",
        "MimeType": "image/jpeg"
    },
    {
        "ProductId": "HT-6120",
        "Id": "FOL39000000000004EXT40000000025594",
        "MimeType": "image/jpeg"
    },
    {
        "ProductId": "HT-6111",
        "Id": "FOL39000000000004EXT40000000025595",
        "MimeType": "image/jpeg"
    },
    {
        "ProductId": "HT-6110",
        "Id": "FOL39000000000004EXT40000000025596",
        "MimeType": "image/jpeg"
    },
    {
        "ProductId": "HT-6102",
        "Id": "FOL39000000000004EXT40000000025597",
        "MimeType": "image/jpeg"
    },
    {
        "ProductId": "HT-6101",
        "Id": "FOL39000000000004EXT40000000025598",
        "MimeType": "image/jpeg"
    },
    {
        "ProductId": "HT-2002",
        "Id": "FOL39000000000004EXT40000000025599",
        "MimeType": "image/jpeg"
    },
    {
        "ProductId": "HT-2027",
        "Id": "FOL39000000000004EXT40000000025601",
        "MimeType": "image/jpeg"
    },
    {
        "ProductId": "HT-2025",
        "Id": "FOL39000000000004EXT40000000025603",
        "MimeType": "image/jpeg"
    },
    {
        "ProductId": "HT-1601",
        "Id": "FOL39000000000004EXT40000000025612",
        "MimeType": "image/jpeg"
    },
    {
        "ProductId": "HT-1600",
        "Id": "FOL39000000000004EXT40000000025613",
        "MimeType": "image/jpeg"
    },
    {
        "ProductId": "HT-1119",
        "Id": "FOL39000000000004EXT40000000025614",
        "MimeType": "image/jpeg"
    },
    {
        "ProductId": "HT-8000",
        "Id": "FOL39000000000004EXT40000000025615",
        "MimeType": "image/jpeg"
    },
    {
        "ProductId": "HT-8001",
        "Id": "FOL39000000000004EXT40000000025616",
        "MimeType": "image/jpeg"
    },
    {
        "ProductId": "HT-8002",
        "Id": "FOL39000000000004EXT40000000025617",
        "MimeType": "image/jpeg"
    },
    {
        "ProductId": "HT-8003",
        "Id": "FOL39000000000004EXT40000000025618",
        "MimeType": "image/jpeg"
    },
    {
        "ProductId": "PF-1000",
        "Id": "FOL39000000000004EXT40000000025619",
        "MimeType": "image/jpeg"
    },
    {
        "ProductId": "HT-9999",
        "Id": "FOL39000000000004EXT40000000025620",
        "MimeType": "image/jpeg"
    },
    {
        "ProductId": "HT-9998",
        "Id": "FOL39000000000004EXT40000000025621",
        "MimeType": "image/jpeg"
    },
    {
        "ProductId": "HT-9997",
        "Id": "FOL39000000000004EXT40000000025622",
        "MimeType": "image/jpeg"
    },
    {
        "ProductId": "HT-9996",
        "Id": "FOL39000000000004EXT40000000025623",
        "MimeType": "image/jpeg"
    },
    {
        "ProductId": "HT-9995",
        "Id": "FOL39000000000004EXT40000000025624",
        "MimeType": "image/jpeg"
    },
    {
        "ProductId": "HT-9994",
        "Id": "FOL39000000000004EXT40000000025625",
        "MimeType": "image/jpeg"
    },
    {
        "ProductId": "HT-9993",
        "Id": "FOL39000000000004EXT40000000025626",
        "MimeType": "image/jpeg"
    },
    {
        "ProductId": "HT-9992",
        "Id": "FOL39000000000004EXT40000000025627",
        "MimeType": "image/jpeg"
    },
    {
        "ProductId": "HT-9991",
        "Id": "FOL39000000000004EXT40000000025628",
        "MimeType": "image/jpeg"
    },
    {
        "ProductId": "HT-1254",
        "Id": "FOL39000000000004EXT40000000025649",
        "MimeType": "image/jpeg"
    },
    {
        "ProductId": "HT-1254",
        "Id": "FOL39000000000004EXT40000000025650",
        "MimeType": "image/jpeg"
    },
    {
        "ProductId": "HT-1254",
        "Id": "FOL39000000000004EXT40000000025651",
        "MimeType": "image/jpeg"
    },
    {
        "ProductId": "HT-1254",
        "Id": "FOL39000000000004EXT40000000025652",
        "MimeType": "image/jpeg"
    },
    {
        "ProductId": "HT-1256",
        "Id": "FOL39000000000004EXT40000000025656",
        "MimeType": "image/jpeg"
    },
    {
        "ProductId": "HT-1256",
        "Id": "FOL39000000000004EXT40000000025657",
        "MimeType": "image/jpeg"
    },
    {
        "ProductId": "HT-1256",
        "Id": "FOL39000000000004EXT40000000025658",
        "MimeType": "image/jpeg"
    },
    {
        "ProductId": "HT-1257",
        "Id": "FOL39000000000004EXT40000000025659",
        "MimeType": "image/jpeg"
    },
    {
        "ProductId": "HT-1257",
        "Id": "FOL39000000000004EXT40000000025660",
        "MimeType": "image/jpeg"
    },
    {
        "ProductId": "HT-1257",
        "Id": "FOL39000000000004EXT40000000025661",
        "MimeType": "image/jpeg"
    },
    {
        "ProductId": "HT-1257",
        "Id": "FOL39000000000004EXT40000000025662",
        "MimeType": "image/jpeg"
    },
    {
        "ProductId": "HT-1258",
        "Id": "FOL39000000000004EXT40000000025663",
        "MimeType": "image/jpeg"
    },
    {
        "ProductId": "HT-1258",
        "Id": "FOL39000000000004EXT40000000025664",
        "MimeType": "image/jpeg"
    },
    {
        "ProductId": "HT-1258",
        "Id": "FOL39000000000004EXT40000000025665",
        "MimeType": "image/jpeg"
    },
    {
        "ProductId": "HT-1253",
        "Id": "FOL39000000000004EXT40000000025668",
        "MimeType": "image/jpeg"
    },
    {
        "ProductId": "HT-1253",
        "Id": "FOL39000000000004EXT40000000025669",
        "MimeType": "image/jpeg"
    },
    {
        "ProductId": "HT-1253",
        "Id": "FOL39000000000004EXT40000000025670",
        "MimeType": "image/jpeg"
    },
    {
        "ProductId": "HT-1253",
        "Id": "FOL39000000000004EXT40000000025671",
        "MimeType": "image/jpeg"
    },
    {
        "ProductId": "HT-1253",
        "Id": "FOL39000000000004EXT40000000025672",
        "MimeType": "image/jpeg"
    },
    {
        "ProductId": "HT-1255",
        "Id": "FOL39000000000004EXT40000000025760",
        "MimeType": "image/jpeg"
    },
    {
        "ProductId": "HT-1255",
        "Id": "FOL39000000000004EXT40000000025761",
        "MimeType": "image/jpeg"
    },
    {
        "ProductId": "HT-1255",
        "Id": "FOL39000000000004EXT40000000025762",
        "MimeType":  "image/jpeg"
    }
]